username,platform,date,time,wins,mvps,goals,assists,saves,shots,casual_mmr,1v1rank,1v1division,1v1mmr,1v1matches,2v2rank,2v2division,2v2mmr,2v2matches,3v3rank,3v3division,3v3mmr,3v3mathes,ourgoals,theirgoals,overtime,forfeit
filete_filete, Epic,2025-11-09,17:25,,,,,,,,,,,,Platinum II,Division III,,Matches Played: 0,,,,,3,1,0,
filete_filete, Epic,2025-11-09,17:34,,,,,,,,,,,,Platinum II,Division III,,Matches Played: 1,,,,,4,1,0,
filete_filete, Epic,2025-11-09,17:43,,,,,,,,,,,,Platinum II,Division III,,Matches Played: 2,,,,,4,3,1,
filete_filete, Epic,2025-11-09,17:52,,,,,,,,,,,,Platinum II,Division III,,Matches Played: 3,,,,,2,3,1,
filete_filete, Epic,2025-11-09,18:01,,,,,,,,,,,,Platinum II,Division II,,Matches Played: 4,,,,,2,3,0,
filete_filete, Epic,2025-11-09,18:12,,,,,,,,,,,,Platinum II,Division III,,Matches Played: 5,,,,,7,5,0,
filete_filete, Epic,2025-11-09,21:06,,,,,,,,,,,,Platinum II,Division III,,Matches Played: 5,,,,,2,5,0,
filete_filete, Epic,2025-11-09,21:14,,,,,,,,,,,,Platinum II,Division II,,Matches Played: 6,,,,,0,4,0,
filete_filete, Epic,2025-11-09,21:16,,,,,,,,,,,,Platinum II,Division III,,Matches Played: 7,,,,,3,0,0,
filete_filete, Epic,2025-11-09,21:24,,,,,,,,,,,,Platinum II,Division III,,Matches Played: 8,,,,,3,2,0,
filete_filete, Epic,2025-11-09,21:33,,,,,,,,,,,,Platinum II,Division IV,,Matches Played: 9,,,,,5,4,0,
filete_filete, Epic,2025-11-09,21:47,,,,,,,,,,,,Platinum II,Division IV,,Matches Played: 10,,,,,4,1,0,
filete_filete, Epic,2025-11-12,14:45,,,,,,,,,,,,Platinum II,Division IV,,Matches Played: 10,,,,,4,0,0,
filete_filete, Epic,2025-11-12,14:54,,,,,,,,,,,,Platinum III,Division II,,Matches Played: 11,,,,,3,2,1,
filete_filete, Epic,2025-11-12,15:01,,,,,,,,,,,,Platinum III,Division I,,Matches Played: 12,,,,,0,5,0,
filete_filete, Epic,2025-11-12,15:09,,,,,,,,,,,,Platinum III,Division II,,Matches Played: 13,,,,,3,2,0,
filete_filete, Epic,2025-11-12,15:17,,,,,,,,,,,,Platinum III,Division II,,Matches Played: 14,,,,,5,1,0,
filete_filete, Epic,2025-11-12,15:27,,,,,,,,,,,,Platinum III,Division II,,Matches Played: 15,,,,,3,7,0,
filete_filete, Epic,2025-11-18,12:12,,,,,,,,,,,,Platinum III,Division II,,Matches Played: 15,,,,,0,1,0,
filete_filete, Epic,2025-11-18,12:19,,,,,,,,,,,,Platinum III,Division II,,Matches Played: 16,,,,,3,2,0,
filete_filete, Epic,2025-11-18,12:27,,,,,,,,,,,,Platinum III,Division III,,Matches Played: 17,,,,,2,1,0,
filete_filete, Epic,2025-11-18,12:35,,,,,,,,,,,,Platinum III,Division II,,Matches Played: 18,,,,,1,4,0,
filete_filete, Epic,2025-11-18,12:44,,,,,,,,,,,,Platinum III,Division II,,Matches Played: 19,,,,,2,4,0,
filete_filete, Epic,2025-11-18,12:52,,,,,,,,,,,,Platinum III,Division I,,Matches Played: 20,,,,,4,5,1,
filete_filete, Epic,2025-11-18,13:00,,,,,,,,,,,,Platinum III,Division II,,Matches Played: 21,,,,,3,1,0,
filete_filete, Epic,2025-11-19,19:30,,,,,,,,,,,,Platinum III,Division II,,Matches Played: 21,,,,,4,2,0,
filete_filete, Epic,2025-11-19,19:40,,,,,,,,,,,,Platinum III,Division II,,Matches Played: 22,,,,,3,2,1,
filete_filete, Epic,2025-11-19,19:48,,,,,,,,,,,,Platinum III,Division III,,Matches Played: 23,,,,,3,2,1,
filete_filete, Epic,2025-11-19,19:58,,,,,,,,,,,,Platinum III,Division II,,Matches Played: 24,,,,,4,5,1,
filete_filete, Epic,2025-11-19,20:07,,,,,,,,,,,,Platinum III,Division II,,Matches Played: 25,,,,,1,5,0,
filete_filete, Epic,2025-11-19,20:17,,,,,,,,,,,,Platinum III,Division II,,Matches Played: 26,,,,,5,3,0,
filete_filete, Epic,2025-11-23,16:32,,,,,,,,,,,,Platinum III,Division II,,Matches Played: 26,,,,,2,4,0,
filete_filete, Epic,2025-11-23,16:40,,,,,,,,,,,,Platinum III,Division II,,Matches Played: 27,,,,,2,5,0,
filete_filete, Epic,2025-11-23,16:49,,,,,,,,,,,,Platinum III,Division I,,Matches Played: 28,,,,,3,4,0,
filete_filete, Epic,2025-11-23,16:58,,,,,,,,,,,,Platinum III,Division II,,Matches Played: 29,,,,,6,3,0,
filete_filete,Epic,2025-11-23,17:02,,,,,,,,,,,,Platinum III,Division II,,Matches Played: 30,,,,,4,0,0,
filete_filete,Epic,2025-11-23,17:10,,,,,,,,,,,,Platinum III,Division II,,Matches Played: 31,,,,,2,5,0,
filete_filete,Epic,2025-11-23,17:15,,,,,,,,,,,,Platinum III,Division II,,Matches Played: 32,,,,,4,0,0,
filete_filete,Epic,2025-11-23,17:24,,,,,,,,,,,,Platinum III,Division II,,Matches Played: 33,,,,,3,4,0,
filete_filete,Epic,2025-11-28,19:14,,,,,,,,,,,,Platinum III,Division II,,Matches Played: 33,,,,,2,1,0,
filete_filete,Epic,2025-11-28,19:21,,,,,,,,,,,,Platinum III,Division I,,Matches Played: 34,,,,,1,2,1,
filete_filete,Epic,2025-11-28,19:29,,,,,,,,,,,,Platinum III,Division II,,Matches Played: 35,,,,,5,0,0,
filete_filete,Epic,2025-11-28,19:36,,,,,,,,,,,,Platinum III,Division II,,Matches Played: 36,,,,,2,1,0,
filete_filete,Epic,2025-11-28,19:45,,,,,,,,,,,,Platinum III,Division II,,Matches Played: 37,,,,,3,4,0,
filete_filete,Epic,2025-11-28,19:52,,,,,,,,,,,,Platinum III,Division I,,Matches Played: 38,,,,,0,1,0,
filete_filete,Epic,2025-11-28,20:00,,,,,,,,,,,,Platinum III,Division I,,Matches Played: 39,,,,,0,4,0,
filete_filete, Epic,2025-11-28,20:09,,,,,,,,,,,,Platinum II,Division III,,Matches Played: 40,,,,,4,5,1,
filete_filete, Epic,2025-11-29,12:41,,,,,,,,,,,,Platinum II,Division III,,Matches Played: 40,,,,,4,1,0,
filete_filete, Epic,2025-11-29,12:48,,,,,,,,,,,,Platinum II,Division III,,Matches Played: 41,,,,,0,5,0,
filete_filete, Epic,2025-11-29,13:06,,,,,,,,,,,,Platinum II,Division II,,Matches Played: 42,,,,,2,3,0,
filete_filete, Epic,2025-11-29,13:14,,,,,,,,,,,,Platinum II,Division I,,Matches Played: 43,,,,,1,4,0,
filete_filete, Epic,2025-11-29,13:22,,,,,,,,,,,,Platinum II,Division II,,Matches Played: 44,,,,,6,4,0,
filete_filete, Epic,2025-11-29,13:31,,,,,,,,,,,,Platinum II,Division I,,Matches Played: 45,,,,,3,4,0,
filete_filete, Epic,2025-11-30,17:42,,,,,,,,,,,,Platinum II,Division I,,Matches Played: 45,,,,,4,0,0,
filete_filete, Epic,2025-11-30,17:52,,,,,,,,,,,,Platinum II,Division I,,Matches Played: 46,,,,,4,2,0,
filete_filete, Epic,2025-11-30,17:59,,,,,,,,,,,,Platinum I,Division IV,,Matches Played: 47,,,,,1,2,1,
filete_filete, Epic,2025-11-30,18:08,,,,,,,,,,,,Platinum I,Division III,,Matches Played: 48,,,,,2,3,1,
filete_filete, Epic,2025-11-30,18:14,,,,,,,,,,,,Platinum I,Division IV,,Matches Played: 49,,,,,3,0,0,
filete_filete, Epic,2025-11-30,18:18,,,,,,,,,,,,Platinum I,Division IV,,Matches Played: 50,,,,,3,0,0,
filete_filete, Epic,2025-11-30,18:26,,,,,,,,,,,,Platinum II,Division I,,Matches Played: 51,,,,,2,0,0,
filete_filete, Epic,2025-11-30,18:35,,,,,,,,,,,,Platinum II,Division I,,Matches Played: 52,,,,,2,4,0,
filete_filete, Epic,2025-12-02,20:23,,,,,,,,,,,,Platinum II,Division I,,Matches Played: 52,,,,,4,6,0,
filete_filete, Epic,2025-12-02,20:30,,,,,,,,,,,,Platinum II,Division I,,Matches Played: 53,,,,,3,1,0,
filete_filete, Epic,2025-12-02,20:38,,,,,,,,,,,,Platinum II,Division I,,Matches Played: 54,,,,,2,3,0,
filete_filete, Epic,2025-12-02,20:46,,,,,,,,,,,,Platinum II,Division I,,Matches Played: 55,,,,,6,3,1,
filete_filete, Epic,2025-12-02,20:51,,,,,,,,,,,,Platinum II,Division II,,Matches Played: 56,,,,,5,0,1,
filete_filete, Epic,2025-12-02,21:00,,,,,,,,,,,,Platinum II,Division I,,Matches Played: 57,,,,,3,4,0,
filete_filete, Epic,2025-12-02,21:07,,,,,,,,,,,,Platinum II,Division I,,Matches Played: 58,,,,,1,2,0,
filete_filete, Epic,2025-12-03,20:27,,,,,,,,,,,,Platinum II,Division I,,Matches Played: 58,,,,,3,2,0,0
filete_filete, Epic,2025-12-03,20:36,,,,,,,,,,,,Platinum I,Division IV,,Matches Played: 59,,,,,2,3,0,0
filete_filete, Epic,2025-12-03,20:44,,,,,,,,,,,,Platinum I,Division III,,Matches Played: 60,,,,,2,6,0,0
filete_filete, Epic,2025-12-03,20:53,,,,,,,,,,,,Platinum I,Division IV,,Matches Played: 61,,,,,6,4,0,0
filete_filete, Epic,2025-12-03,21:01,,,,,,,,,,,,Platinum I,Division IV,,Matches Played: 62,,,,,2,1,0,0
filete_filete, Epic,2025-12-03,21:08,,,,,,,,,,,,Platinum II,Division I,,Matches Played: 63,,,,,2,1,0,0
filete_filete, Epic,2025-12-03,21:19,,,,,,,,,,,,Platinum II,Division II,,Matches Played: 64,,,,,3,2,1,0
filete_filete, Epic,2025-12-03,21:24,,,,,,,,,,,,Platinum II,Division II,,Matches Played: 65,,,,,4,0,0,1
filete_filete, Epic,2025-12-09,15:59,,,,,,,,,,,,Platinum II,Division II,,Matches Played: 65,,,,,3,2,0,0
filete_filete, Epic,2025-12-09,16:06,,,,,,,,,,,,Platinum II,Division III,,Matches Played: 66,,,,,1,0,1,0
filete_filete, Epic,2025-12-09,16:14,,,,,,,,,,,,Platinum II,Division III,,Matches Played: 67,,,,,7,1,0,1
filete_filete, Epic,2025-12-09,16:20,,,,,,,,,,,,Platinum II,Division III,,Matches Played: 68,,,,,0,1,0,0
filete_filete, Epic,2025-12-09,16:24,,,,,,,,,,,,Platinum II,Division III,,Matches Played: 69,,,,,2,1,0,1
filete_filete,Epic,2025-12-09,16:31,,,,,,,,,,,,Platinum II,Division IV,,Matches Played: 70,,,,,3,1,0,0
filete_filete,Epic,2025-12-09,16:41,,,,,,,,,,,,Platinum II,Division III,,Matches Played: 71,,,,,2,3,1,0
filete_filete,Epic,2025-12-09,16:45,,,,,,,,,,,,Platinum II,Division IV,,Matches Played: 72,,,,,4,0,0,1
filete_filete,Epic,2025-12-09,16:51,,,,,,,,,,,,Platinum II,Division IV,,Matches Played: 73,,,,,4,0,0,1
filete_filete,Epic,2025-12-09,16:59,,,,,,,,,,,,Platinum II,Division IV,,Matches Played: 74,,,,,1,5,0,0
filete_filete,Epic,2025-12-18,20:08,,,,,,,, Gold III, Division III,612, Matches Played: 0,Platinum II,Division IV,,Matches Played: 0, Gold III, Division IV,641,Matches Played: 0,1,0,0,0
filete_filete,Epic,2025-12-18,20:14,,,,,,,, Gold III, Division III,612, Matches Played: 0,,,,Matches Played: 1, Gold III, Division IV,641, Matches Played: 0,5,1,0,1
filete_filete,Epic,2025-12-18,20:21,,,,,,,, Gold III, Division III,612, Matches Played: 0,,,,Matches Played: 2, Gold III, Division IV,641, Matches Played: 0,2,1,0,0
filete_filete,Epic,2025-12-18,20:29,,,,,,,, Gold III, Division III,612, Matches Played: 0,,,,Matches Played: 3, Gold III, Division IV,641, Matches Played: 0,0,4,0,0
filete_filete,Epic,2025-12-18,20:37,,,,,,,, Gold III, Division III,612, Matches Played: 0,,,,Matches Played: 4, Gold III, Division IV,641, Matches Played: 0,5,1,0,0
filete_filete,Epic,2025-12-18,20:45,,,,,,,, Gold III, Division III,612, Matches Played: 0,,,,Matches Played: 5, Gold III, Division IV,641, Matches Played: 0,0,3,0,0
filete_filete, Epic,2025-12-18,20:51,,,,,,,, Gold III, Division III,612, Matches Played: 0,,,,Matches Played: 6, Gold III, Division IV,641, Matches Played: 0,4,0,0,0
filete_filete, Epic,2025-12-18,21:00,,,,,,,, Gold III, Division III,612, Matches Played: 0,,,,Matches Played: 7, Gold III, Division IV,641, Matches Played: 0,5,4,1,0
filete_filete, Epic,2025-12-18,21:08,,,,,,,, Gold III, Division III,612, Matches Played: 0,,,,Matches Played: 8, Gold III, Division IV,641, Matches Played: 0,4,2,0,0
filete_filete, Epic,2025-12-18,21:16,,,,,,,, Gold III, Division III,612, Matches Played: 0,,,,Matches Played: 9, Gold III, Division IV,641, Matches Played: 0,1,3,0,0
filete_filete, Epic,2025-12-18,21:24,,,,,,,, Gold III, Division III,612, Matches Played: 0,Platinum III,Division III,,Matches Played: 10, Gold III, Division IV,641, Matches Played: 0,4,0,0,0
filete_filete, Epic,2025-12-19,18:30,,,,,,,, Gold III, Division III,612, Matches Played: 0,Platinum III,Division III,,Matches Played: 10, Gold III, Division IV,641, Matches Played: 0,4,0,0,0
filete_filete, Epic,2025-12-19,18:39,,,,,,,, Gold III, Division III,612, Matches Played: 0,Platinum III,Division III,,Matches Played: 11, Gold III, Division IV,641, Matches Played: 0,0,4,0,0
filete_filete, Epic,2025-12-19,18:47,,,,,,,, Gold III, Division III,612, Matches Played: 0,Platinum III,Division II,,Matches Played: 12, Gold III, Division IV,641, Matches Played: 0,2,4,0,0
filete_filete, Epic,2025-12-19,18:55,,,,,,,, Gold III, Division III,612, Matches Played: 0,Platinum III,Division I,,Matches Played: 13, Gold III, Division IV,641, Matches Played: 0,2,3,0,0
filete_filete, Epic,2025-12-19,19:03,,,,,,,, Gold III, Division III,612, Matches Played: 0,Platinum III,Division II,,Matches Played: 14, Gold III, Division IV,641, Matches Played: 0,3,1,0,0
filete_filete, Epic,2025-12-19,19:08,,,,,,,, Gold III, Division III,612, Matches Played: 0,Platinum III,Division III,,Matches Played: 15, Gold III, Division IV,641, Matches Played: 0,3,0,0,1
filete_filete, Epic,2025-12-19,19:16,,,,,,,, Gold III, Division III,612, Matches Played: 0,Platinum III,Division III,,Matches Played: 16, Gold III, Division IV,641, Matches Played: 0,3,1,0,0
filete_filete, Epic,2025-12-19,19:24,,,,,,,, Gold III, Division III,612, Matches Played: 0,Platinum III,Division III,,Matches Played: 17, Gold III, Division IV,641, Matches Played: 0,2,4,0,0
filete_filete, Epic,2025-12-20,16:35,,,,,,,, Gold III, Division III,612, Matches Played: 0,Platinum III,Division III,,Matches Played: 17, Gold III, Division IV,641, Matches Played: 0,3,2,0,0
filete_filete, Epic,2025-12-20,16:40,,,,,,,, Gold III, Division III,612, Matches Played: 0,Platinum III,Division III,,Matches Played: 18, Gold III, Division IV,641, Matches Played: 0,4,0,0,1
filete_filete, Epic,2025-12-20,16:48,,,,,,,, Gold III, Division III,612, Matches Played: 0,Platinum III,Division IV,,Matches Played: 19, Gold III, Division IV,641, Matches Played: 0,3,2,0,0
filete_filete, Epic,2025-12-20,16:56,,,,,,,, Gold III, Division III,612, Matches Played: 0,Diamond I,Division I,,Matches Played: 20, Gold III, Division IV,641, Matches Played: 0,4,2,0,0
filete_filete, Epic,2025-12-20,17:06,,,,,,,, Gold III, Division III,612, Matches Played: 0,Diamond I,Division II,,Matches Played: 21, Gold III, Division IV,641, Matches Played: 0,3,2,1,0
filete_filete, Epic,2025-12-20,17:14,,,,,,,, Gold III, Division III,612, Matches Played: 0,Diamond I,Division I,,Matches Played: 22, Gold III, Division IV,641, Matches Played: 0,2,3,1,0
filete_filete, Epic,2025-12-20,17:23,,,,,,,, Gold III, Division III,612, Matches Played: 0,Diamond I,Division II,,Matches Played: 23, Gold III, Division IV,641, Matches Played: 0,3,2,1,0
filete_filete, Epic,2025-12-20,17:33,,,,,,,, Gold III, Division III,612, Matches Played: 0,Diamond I,Division I,,Matches Played: 24, Gold III, Division IV,641, Matches Played: 0,1,10,0,0
filete_filete, Epic,2025-12-21,13:19,,,,,,,, Gold III, Division III,612, Matches Played: 0,Diamond I,Division I,,Matches Played: 24, Gold III, Division IV,641, Matches Played: 0,7,0,0,0
filete_filete, Epic,2025-12-21,13:28,,,,,,,, Gold III, Division III,612, Matches Played: 0,Diamond I,Division II,,Matches Played: 25, Gold III, Division IV,641, Matches Played: 0,4,2,0,1
filete_filete, Epic,2025-12-21,13:32,,,,,,,, Gold III, Division III,612, Matches Played: 0,Diamond I,Division II,,Matches Played: 26, Gold III, Division IV,641, Matches Played: 0,2,0,0,1
filete_filete, Epic,2025-12-21,13:40,,,,,,,, Gold III, Division III,612, Matches Played: 0,Diamond I,Division II,,Matches Played: 27, Gold III, Division IV,641, Matches Played: 0,1,4,0,0
filete_filete, Epic,2025-12-21,13:47,,,,,,,, Gold III, Division III,612, Matches Played: 0,Diamond I,Division II,,Matches Played: 28, Gold III, Division IV,641, Matches Played: 0,3,2,0,0
filete_filete, Epic,2025-12-21,13:55,,,,,,,, Gold III, Division III,612, Matches Played: 0,Diamond I,Division III,,Matches Played: 29, Gold III, Division IV,641, Matches Played: 0,3,2,0,0
filete_filete, Epic,2025-12-21,14:03,,,,,,,, Gold III, Division III,612, Matches Played: 0,Diamond I,Division II,,Matches Played: 30, Gold III, Division IV,641, Matches Played: 0,0,6,0,0
filete_filete, Epic,2025-12-21,14:11,,,,,,,, Gold III, Division III,612, Matches Played: 0,Diamond I,Division II,,Matches Played: 31, Gold III, Division IV,641, Matches Played: 0,2,3,0,0
filete_filete, Epic,2026-01-19,20:53,,,,,,,, Gold III, Division III,612, Matches Played: 0,Diamond I,Division II,,Matches Played: 31, Gold III, Division IV,641, Matches Played: 0,5,3,0,0
filete_filete, Epic,2026-01-19,21:02,,,,,,,, Gold III, Division III,612, Matches Played: 0,Diamond I,Division II,,Matches Played: 32, Gold III, Division IV,641, Matches Played: 0,6,1,0,0
filete_filete, Epic,2026-01-19,21:10,,,,,,,, Gold III, Division III,612, Matches Played: 0,Diamond I,Division III,,Matches Played: 33, Gold III, Division IV,641, Matches Played: 0,3,1,0,0
filete_filete, Epic,2026-01-19,21:22,,,,,,,, Gold III, Division III,612, Matches Played: 0,Diamond I,Division II,,Matches Played: 34, Gold III, Division IV,641, Matches Played: 0,4,5,1,0
filete_filete, Epic,2026-01-19,21:30,,,,,,,, Gold III, Division III,612, Matches Played: 0,Diamond I,Division III,,Matches Played: 35, Gold III, Division IV,641, Matches Played: 0,3,2,0,0
filete_filete, Epic,2026-01-19,21:39,,,,,,,, Gold III, Division III,612, Matches Played: 0,Diamond I,Division III,,Matches Played: 36, Gold III, Division IV,641, Matches Played: 0,1,4,0,0
filete_filete,Epic,2026-01-22,20:27,,,,,,,, Gold III, Division III,612, Matches Played: 0,Diamond I,Division III,,Matches Played: 36, Gold III, Division IV,641, Matches Played: 0,2,3,1,0
filete_filete,Epic,2026-01-22,20:37,,,,,,,, Gold III, Division III,612, Matches Played: 0,Diamond I,Division II,,Matches Played: 37, Gold III, Division IV,641, Matches Played: 0,3,4,0,0
filete_filete,Epic,2026-01-22,20:50,,,,,,,, Gold III, Division III,612, Matches Played: 0,Diamond I,Division I,,Matches Played: 38, Gold III, Division IV,641, Matches Played: 0,3,4,0,0
filete_filete,Epic,2026-01-22,20:58,,,,,,,, Gold III, Division III,612, Matches Played: 0,Diamond I,Division II,,Matches Played: 39, Gold III, Division IV,641, Matches Played: 0,4,1,0,1
filete_filete,Epic,2026-01-22,21:05,,,,,,,, Gold III, Division III,612, Matches Played: 0,Diamond I,Division II,,Matches Played: 40, Gold III, Division IV,641, Matches Played: 0,5,2,0,1
filete_filete,Epic,2026-01-22,21:13,,,,,,,, Gold III, Division III,612, Matches Played: 0,Diamond I,Division II,,Matches Played: 41, Gold III, Division IV,641, Matches Played: 0,1,4,0,0
filete_filete,Epic,2026-01-22,21:13,,,,,,,, Gold III, Division III,612, Matches Played: 0,Diamond I,Division II,,Matches Played: 42, Gold III, Division IV,641, Matches Played: 0,4,3,1,0
filete_filete,Epic,2026-01-29,18:46,,,,,,,, Gold III, Division III,612, Matches Played: 0,Diamond I,Division II,,Matches Played: 42, Gold III, Division IV,641, Matches Played: 0,4,3,1,0
filete_filete,Epic,2026-01-29,18:53,,,,,,,, Gold III, Division III,612, Matches Played: 0,Diamond I,Division II,,Matches Played: 43, Gold III, Division IV,641, Matches Played: 0,1,4,0,0
filete_filete,Epic,2026-01-29,19:03,,,,,,,, Gold III, Division III,612, Matches Played: 0,Diamond I,Division II,,Matches Played: 44, Gold III, Division IV,641, Matches Played: 0,2,1,1,0
filete_filete,Epic,2026-01-29,19:10,,,,,,,, Gold III, Division III,612, Matches Played: 0,Diamond I,Division III,,Matches Played: 45, Gold III, Division IV,641, Matches Played: 0,2,1,0,0
filete_filete, Epic,2026-01-29,19:18,,,,,,,, Gold III, Division III,612, Matches Played: 0,Diamond I,Division II,,Matches Played: 46, Gold III, Division IV,641, Matches Played: 0,1,3,0,0
filete_filete, Epic,2026-01-29,19:25,,,,,,,, Gold III, Division III,612, Matches Played: 0,Diamond I,Division II,,Matches Played: 47, Gold III, Division IV,641, Matches Played: 0,1,3,0,0
filete_filete, Epic,2026-01-29,19:37,,,,,,,, Gold III, Division III,612, Matches Played: 0,Diamond I,Division I,,Matches Played: 48, Gold III, Division IV,641, Matches Played: 0,6,7,1,0
filete_filete, Epic,2026-01-29,19:46,,,,,,,, Gold III, Division III,612, Matches Played: 0,Diamond I,Division II,,Matches Played: 49, Gold III, Division IV,641, Matches Played: 0,5,3,0,0
filete_filete, Epic,2026-01-30,20:03,,,,,,,, Gold III, Division III,612, Matches Played: 0,Diamond I,Division II,,Matches Played: 49, Gold III, Division IV,641, Matches Played: 0,2,0,0,1
filete_filete, Epic,2026-01-30,20:11,,,,,,,, Gold III, Division III,612, Matches Played: 0,Diamond I,Division I,,Matches Played: 50, Gold III, Division IV,641, Matches Played: 0,4,5,0,0
filete_filete, Epic,2026-01-30,20:38,,,,,,,, Gold III, Division III,612, Matches Played: 0,Diamond I,Division I,,Matches Played: 51, Gold III, Division IV,641, Matches Played: 0,3,4,0,0
filete_filete, Epic,2026-01-30,20:48,,,,,,,, Gold III, Division III,612, Matches Played: 0,Diamond I,Division I,,Matches Played: 52, Gold III, Division IV,641, Matches Played: 0,6,7,0,0
filete_filete, Epic,2026-01-30,20:56,,,,,,,, Gold III, Division III,612, Matches Played: 0,Platinum III,Division III,,Matches Played: 53, Gold III, Division IV,641, Matches Played: 0,1,3,0,0
filete_filete, Epic,2026-01-30,21:05,,,,,,,, Gold III, Division III,612, Matches Played: 0,Platinum III,Division IV,,Matches Played: 54, Gold III, Division IV,641, Matches Played: 0,3,2,0,0
filete_filete, Epic,2026-01-30,21:13,,,,,,,, Gold III, Division III,612, Matches Played: 0,Platinum III,Division III,,Matches Played: 55, Gold III, Division IV,641, Matches Played: 0,3,4,0,0
filete_filete, Epic,2026-01-30,21:21,,,,,,,, Gold III, Division III,612, Matches Played: 0,Platinum III,Division IV,,Matches Played: 56, Gold III, Division IV,641, Matches Played: 0,4,1,0,0
filete_filete, Epic,2026-01-31,16:23,,,,,,,, Gold III, Division III,612, Matches Played: 0,Platinum III,Division IV,,Matches Played: 56, Gold III, Division IV,641, Matches Played: 0,5,1,0,0
filete_filete, Epic,2026-01-31,16:30,,,,,,,, Gold III, Division III,612, Matches Played: 0,Platinum III,Division III,,Matches Played: 57, Gold III, Division IV,641, Matches Played: 0,1,4,0,0
filete_filete, Epic,2026-01-31,16:42,,,,,,,, Gold III, Division III,612, Matches Played: 0,Platinum III,Division IV,,Matches Played: 58, Gold III, Division IV,641, Matches Played: 0,4,2,0,0
filete_filete, Epic,2026-01-31,16:52,,,,,,,, Gold III, Division III,612, Matches Played: 0,Platinum III,Division III,,Matches Played: 59, Gold III, Division IV,641, Matches Played: 0,4,5,0,0
filete_filete, Epic,2026-01-31,17:00,,,,,,,, Gold III, Division III,612, Matches Played: 0,Platinum III,Division III,,Matches Played: 60, Gold III, Division IV,641, Matches Played: 0,1,2,1,0
filete_filete, Epic,2026-01-31,17:07,,,,,,,, Gold III, Division III,612, Matches Played: 0,Platinum III,Division III,,Matches Played: 61, Gold III, Division IV,641, Matches Played: 0,1,0,0,0
filete_filete, Epic,2026-01-31,19:44,,,,,,,, Gold III, Division III,612, Matches Played: 0,Platinum III,Division III,,Matches Played: 61, Gold III, Division IV,641, Matches Played: 0,2,1,1,0
filete_filete, Epic,2026-01-31,19:52,,,,,,,, Gold III, Division III,612, Matches Played: 0,Platinum III,Division IV,,Matches Played: 62, Gold III, Division IV,641, Matches Played: 0,4,3,0,0
filete_filete, Epic,2026-01-31,20:01,,,,,,,, Gold III, Division III,612, Matches Played: 0,Platinum III,Division III,,Matches Played: 63, Gold III, Division IV,641, Matches Played: 0,0,2,0,0
filete_filete, Epic,2026-01-31,20:10,,,,,,,, Gold III, Division III,612, Matches Played: 0,Platinum III,Division III,,Matches Played: 64, Gold III, Division IV,641, Matches Played: 0,4,6,0,0
filete_filete, Epic,2026-01-31,20:18,,,,,,,, Gold III, Division III,612, Matches Played: 0,Platinum III,Division II,,Matches Played: 65, Gold III, Division IV,641, Matches Played: 0,2,3,0,0
filete_filete, Epic,2026-01-31,20:28,,,,,,,, Gold III, Division III,612, Matches Played: 0,Platinum III,Division II,,Matches Played: 66, Gold III, Division IV,641, Matches Played: 0,2,3,0,0
filete_filete, Epic,2026-01-31,20:37,,,,,,,, Gold III, Division III,612, Matches Played: 0,Platinum III,Division I,,Matches Played: 67, Gold III, Division IV,641, Matches Played: 0,3,4,0,0
filete_filete, Epic,2026-01-31,20:47,,,,,,,, Gold III, Division III,612, Matches Played: 0,Platinum III,Division II,,Matches Played: 68, Gold III, Division IV,641, Matches Played: 0,6,5,0,0
filete_filete, Epic,2026-02-01,12:07,,,,,,,, Gold III, Division III,612, Matches Played: 0,Platinum III,Division II,,Matches Played: 68, Gold III, Division IV,641, Matches Played: 0,4,2,0,1
filete_filete, Epic,2026-02-01,12:17,,,,,,,, Gold III, Division III,612, Matches Played: 0,Platinum III,Division I,,Matches Played: 69, Gold III, Division IV,641, Matches Played: 0,1,5,0,0
filete_filete, Epic,2026-02-01,12:25,,,,,,,, Gold III, Division III,612, Matches Played: 0,Platinum III,Division I,,Matches Played: 70, Gold III, Division IV,641, Matches Played: 0,2,3,0,0
filete_filete, Epic,2026-02-01,12:33,,,,,,,, Gold III, Division III,612, Matches Played: 0,Platinum II,Division III,,Matches Played: 71, Gold III, Division IV,641, Matches Played: 0,1,4,0,0
filete_filete, Epic,2026-02-01,12:40,,,,,,,, Gold III, Division III,612, Matches Played: 0,Platinum II,Division IV,,Matches Played: 72, Gold III, Division IV,641, Matches Played: 0,5,1,0,1
filete_filete, Epic,2026-02-01,12:47,,,,,,,, Gold III, Division III,612, Matches Played: 0,Platinum II,Division III,,Matches Played: 73, Gold III, Division IV,641, Matches Played: 0,0,4,0,0
filete_filete, Epic,2026-02-01,12:55,,,,,,,, Gold III, Division III,612, Matches Played: 0,Platinum II,Division IV,,Matches Played: 74, Gold III, Division IV,641, Matches Played: 0,3,2,0,0
filete_filete, Epic,2026-02-01,13:03,,,,,,,, Gold III, Division III,612, Matches Played: 0,Platinum II,Division III,,Matches Played: 75, Gold III, Division IV,641, Matches Played: 0,2,5,0,0
filete_filete, Epic,2026-02-03,19:58,,,,,,,, Gold III, Division III,612, Matches Played: 0,Platinum II,Division III,,Matches Played: 75, Gold III, Division IV,641, Matches Played: 0,0,4,0,0
filete_filete,Epic,2026-02-03,20:11,,,,,,,, Gold III, Division III,612, Matches Played: 0,Platinum II,Division III,,Matches Played: 76, Gold III, Division IV,641, Matches Played: 0,2,5,0,0
filete_filete,Epic,2026-02-03,20:18,,,,,,,, Gold III, Division III,612, Matches Played: 0,Platinum II,Division III,,Matches Played: 77, Gold III, Division IV,641, Matches Played: 0,2,1,0,0
filete_filete,Epic,2026-02-03,20:26,,,,,,,, Gold III, Division III,612, Matches Played: 0,Platinum II,Division IV,,Matches Played: 78, Gold III, Division IV,641, Matches Played: 0,2,1,0,0
filete_filete,Epic,2026-02-03,20:35,,,,,,,, Gold III, Division III,612, Matches Played: 0,Platinum II,Division III,,Matches Played: 79, Gold III, Division IV,641, Matches Played: 0,2,6,0,0
filete_filete,Epic,2026-02-03,20:43,,,,,,,, Gold III, Division III,612, Matches Played: 0,Platinum II,Division III,,Matches Played: 80, Gold III, Division IV,641, Matches Played: 0,2,5,0,0
filete_filete,Epic,2026-02-03,20:51,,,,,,,, Gold III, Division III,612, Matches Played: 0,Platinum II,Division III,,Matches Played: 81, Gold III, Division IV,641, Matches Played: 0,5,3,0,0
filete_filete,Epic,2026-02-03,20:59,,,,,,,, Gold III, Division III,612, Matches Played: 0,Platinum II,Division III,,Matches Played: 82, Gold III, Division IV,641, Matches Played: 0,3,2,0,0
filete_filete,Epic,2026-02-03,21:09,,,,,,,, Gold III, Division III,612, Matches Played: 0,Platinum II,Division II,,Matches Played: 83, Gold III, Division IV,641, Matches Played: 0,3,4,0,0
filete_filete,Epic,2026-02-04,20:55,,,,,,,, Gold III, Division III,612, Matches Played: 0,Platinum II,Division II,,Matches Played: 83, Gold III, Division IV,641, Matches Played: 0,0,1,0,0
filete_filete,Epic,2026-02-04,21:06,,,,,,,, Gold III, Division III,612, Matches Played: 0,Platinum II,Division III,,Matches Played: 84, Gold III, Division IV,641, Matches Played: 0,2,1,0,0
filete_filete,Epic,2026-02-04,21:15,,,,,,,, Gold III, Division III,612, Matches Played: 0,Platinum II,Division II,,Matches Played: 85, Gold III, Division IV,641, Matches Played: 0,2,5,0,0
filete_filete, Epic,2026-02-04,21:24,,,,,,,, Gold III, Division III,612, Matches Played: 0,Platinum II,Division III,,Matches Played: 86, Gold III, Division IV,641, Matches Played: 0,5,2,0,1
filete_filete, Epic,2026-02-04,21:31,,,,,,,, Gold III, Division III,612, Matches Played: 0,Platinum II,Division III,,Matches Played: 87, Gold III, Division IV,641, Matches Played: 0,2,1,0,0
filete_filete, Epic,2026-02-04,21:35,,,,,,,, Gold III, Division III,612, Matches Played: 0,Platinum II,Division IV,,Matches Played: 88, Gold III, Division IV,641, Matches Played: 0,2,0,0,1
filete_filete, Epic,2026-02-08,13:08,,,,,,,, Gold III, Division III,612, Matches Played: 0,Platinum II,Division IV,,Matches Played: 88, Gold III, Division IV,641, Matches Played: 0,3,1,0,1
filete_filete, Epic,2026-02-08,13:16,,,,,,,, Gold III, Division III,612, Matches Played: 0,Platinum II,Division III,,Matches Played: 89, Gold III, Division IV,641, Matches Played: 0,1,4,0,0
filete_filete, Epic,2026-02-08,13:24,,,,,,,, Gold III, Division III,612, Matches Played: 0,Platinum II,Division III,,Matches Played: 90, Gold III, Division IV,641, Matches Played: 0,2,3,0,0
filete_filete, Epic,2026-02-08,13:32,,,,,,,, Gold III, Division III,612, Matches Played: 0,Platinum II,Division III,,Matches Played: 91, Gold III, Division IV,641, Matches Played: 0,3,1,0,0
filete_filete, Epic,2026-02-08,13:40,,,,,,,, Gold III, Division III,612, Matches Played: 0,Platinum II,Division III,,Matches Played: 92, Gold III, Division IV,641, Matches Played: 0,3,2,0,0
filete_filete, Epic,2026-02-08,13:45,,,,,,,, Gold III, Division III,612, Matches Played: 0,Platinum II,Division IV,,Matches Played: 93, Gold III, Division IV,641, Matches Played: 0,3,0,0,1
filete_filete, Epic,2026-02-08,13:54,,,,,,,, Gold III, Division III,612, Matches Played: 0,Platinum II,Division IV,,Matches Played: 94, Gold III, Division IV,641, Matches Played: 0,4,2,0,1
filete_filete, Epic,2026-02-08,13:04,,,,,,,, Gold III, Division III,612, Matches Played: 0,Platinum III,Division I,,Matches Played: 95, Gold III, Division IV,641, Matches Played: 0,5,4,1,0
filete_filete, Epic,2026-02-09,19:37,,,,,,,, Gold III, Division III,612, Matches Played: 0,Platinum III,Division I,,Matches Played: 95, Gold III, Division IV,641, Matches Played: 0,2,0,0,0
filete_filete, Epic,2026-02-09,19:48,,,,,,,, Gold III, Division III,612, Matches Played: 0,Platinum III,Division II,,Matches Played: 96, Gold III, Division IV,641, Matches Played: 0,6,2,0,1
filete_filete, Epic,2026-02-09,19:57,,,,,,,, Gold III, Division III,612, Matches Played: 0,Platinum III,Division II,,Matches Played: 97, Gold III, Division IV,641, Matches Played: 0,2,1,0,0
filete_filete, Epic,2026-02-09,20:05,,,,,,,, Gold III, Division III,612, Matches Played: 0,Platinum III,Division III,,Matches Played: 98, Gold III, Division IV,641, Matches Played: 0,4,0,0,1
filete_filete, Epic,2026-02-09,20:14,,,,,,,, Gold III, Division III,612, Matches Played: 0,Platinum III,Division III,,Matches Played: 99, Gold III, Division IV,641, Matches Played: 0,2,1,0,0
filete_filete, Epic,2026-02-09,20:23,,,,,,,, Gold III, Division III,612, Matches Played: 0,Platinum III,Division III,,Matches Played: 100, Gold III, Division IV,641, Matches Played: 0,1,3,0,0
filete_filete, Epic,2026-02-09,20:32,,,,,,,, Gold III, Division III,612, Matches Played: 0,Platinum III,Division III,,Matches Played: 101, Gold III, Division IV,641, Matches Played: 0,3,2,0,0
filete_filete, Epic,2026-02-09,20:39,,,,,,,, Gold III, Division III,612, Matches Played: 0,Platinum III,Division III,,Matches Played: 102, Gold III, Division IV,641, Matches Played: 0,1,2,0,0
filete_filete, Epic,2026-02-09,20:47,,,,,,,, Gold III, Division III,612, Matches Played: 0,Platinum III,Division II,,Matches Played: 103, Gold III, Division IV,641, Matches Played: 0,0,3,0,0
filete_filete, Epic,2026-02-09,20:55,"3,433 Wins","2,163 MVPs","10,148 Goals","2,246 Assists","8,139 Saves","18,139 Shots",, Gold III, Division III,612, Matches Played: 0, Platinum III, Division II,784,Matches Played: 104, Gold III, Division IV,641, Matches Played: 0,2,3,0,0
filete_filete, Epic,2026-02-10,21:07,"3,434 Wins","2,164 MVPs","10,150 Goals","2,247 Assists","8,139 Saves","18,142 Shots",, Gold III, Division III,612, Matches Played: 0, Platinum III, Division II,784,Matches Played: 104, Gold III, Division IV,641, Matches Played: 0,4,1,0,1
filete_filete, Epic,2026-02-10,21:14,"3,435 Wins","2,164 MVPs","10,151 Goals","2,247 Assists","8,140 Saves","18,145 Shots",, Gold III, Division III,612, Matches Played: 0, Platinum III, Division II,794,Matches Played: 105, Gold III, Division IV,641, Matches Played: 0,2,1,0,0
filete_filete, Epic,2026-02-10,21:22,"3,436 Wins","2,164 MVPs","10,151 Goals","2,247 Assists","8,143 Saves","18,146 Shots",, Gold III, Division III,612, Matches Played: 0, Platinum III, Division III,803,Matches Played: 106, Gold III, Division IV,641, Matches Played: 0,2,1,0,0
filete_filete, Epic,2026-02-10,21:31,"3,436 Wins","2,164 MVPs","10,152 Goals","2,247 Assists","8,145 Saves","18,150 Shots", Rating 0, Gold III, Division III,612, Matches Played: 0, Platinum III, Division II,793, Matches Played: 107, Gold III, Division IV,641, Matches Played: 0,2,3,0,0
filete_filete, Epic, 2026-02-12, 16:49:52.234112,"3,436 Wins","2,164 MVPs","10,152 Goals","2,247 Assists","8,146 Saves","18,151 Shots", Rating 937, Gold III, Division III,612, Matches Played: 0, Platinum III, Division II,793, Matches Played: 107, Gold III, Division IV,641, Matches Played: 0,0,3,0,0
filete_filete, Epic,2026-02-12,16:52,,,,,,, Rating 937, Gold III, Division III,612, Matches Played: 0,Platinum III,Division III,,Matches Played: 108, Gold III, Division IV,641, Matches Played: 0,3,1,0,1
filete_filete, Epic, 2026-02-12, 17:01:34.704814,"3,437 Wins","2,164 MVPs","10,154 Goals","2,247 Assists","8,149 Saves","18,155 Shots", Rating 937, Gold III, Division III,612, Matches Played: 0, Platinum III, Division II,793, Matches Played: 109, Gold III, Division IV,641, Matches Played: 0,1,2,0,0
filete_filete, Epic, 2026-02-12, 17:10:38.130933,"3,437 Wins","2,164 MVPs","10,154 Goals","2,247 Assists","8,150 Saves","18,157 Shots", Rating 937, Gold III, Division III,612, Matches Played: 0, Platinum III, Division II,784, Matches Played: 110, Gold III, Division IV,641, Matches Played: 0,1,2,0,0
filete_filete, Epic, 2026-02-12, 17:21:02.852332,"3,438 Wins","2,165 MVPs","10,154 Goals","2,248 Assists","8,154 Saves","18,161 Shots", Rating 937, Gold III, Division III,612, Matches Played: 0, Platinum III, Division II,793, Matches Played: 111, Gold III, Division IV,641, Matches Played: 0,2,1,0,0
filete_filete, Epic, 2026-02-12, 17:30:01.109089,"3,439 Wins","2,166 MVPs","10,156 Goals","2,248 Assists","8,156 Saves","18,164 Shots", Rating 937, Gold III, Division III,612, Matches Played: 0, Platinum III, Division III,803, Matches Played: 112, Gold III, Division IV,641, Matches Played: 0,3,0,0,0
filete_filete, Epic, 2026-02-16, 16:41:56.142638,"3,440 Wins","2,166 MVPs","10,156 Goals","2,249 Assists","8,156 Saves","18,164 Shots", Rating 938, Gold III, Division III,612, Matches Played: 0, Platinum III, Division III,803, Matches Played: 112, Gold III, Division IV,641, Matches Played: 0,6,1,0,1
filete_filete, Epic, 2026-02-16, 16:52:14.391084,"3,441 Wins","2,167 MVPs","10,159 Goals","2,250 Assists","8,157 Saves","18,168 Shots", Rating 934, Gold III, Division III,612, Matches Played: 0, Platinum III, Division III,803, Matches Played: 112, Gold III, Division IV,641, Matches Played: 0,,,,
filete_filete, Epic, 2026-02-16, 17:01:43.566044,"3,441 Wins","2,167 MVPs","10,160 Goals","2,251 Assists","8,157 Saves","18,169 Shots", Rating 934, Gold III, Division III,612, Matches Played: 0, Platinum III, Division II,794, Matches Played: 113, Gold III, Division IV,641, Matches Played: 0,2,3,1,0
filete_filete, Epic, 2026-02-16, 17:10:54.119007,"3,441 Wins","2,167 MVPs","10,161 Goals","2,252 Assists","8,161 Saves","18,173 Shots", Rating 934, Gold III, Division III,612, Matches Played: 0, Platinum III, Division II,785, Matches Played: 114, Gold III, Division IV,641, Matches Played: 0,2,3,1,0
filete_filete,Epic,2026-02-16,17:18,,,,,,, Rating 934, Gold III, Division III,612, Matches Played: 0,Platinum III,Division I,,Matches Played: 115, Gold III, Division IV,641, Matches Played: 0,5,3,0,0
filete_filete,Epic, 2026-02-16, 17:37:12.835961,"3,441 Wins","2,167 MVPs","10,163 Goals","2,253 Assists","8,167 Saves","18,177 Shots", Rating 934, Gold III, Division III,612, Matches Played: 0, Platinum III, Division I,768, Matches Played: 116, Gold III, Division IV,641, Matches Played: 0,1,3,0,0
filete_filete,Epic, 2026-02-16, 17:46:33.310290,"3,441 Wins","2,167 MVPs","10,163 Goals","2,254 Assists","8,168 Saves","18,179 Shots", Rating 934, Gold III, Division III,612, Matches Played: 0, Platinum II, Division IV,758, Matches Played: 117, Gold III, Division IV,641, Matches Played: 0,1,3,0,0
filete_filete,Epic, 2026-02-16, 20:42:30.850251,"3,441 Wins","2,167 MVPs","10,163 Goals","2,254 Assists","8,170 Saves","18,181 Shots", Rating 923, Gold III, Division III,612, Matches Played: 0, Platinum II, Division IV,758, Matches Played: 117, Gold III, Division IV,641, Matches Played: 0,1,3,0,0
filete_filete,Epic, 2026-02-16, 20:49:59.463235,"3,442 Wins","2,168 MVPs","10,168 Goals","2,254 Assists","8,170 Saves","18,187 Shots", Rating 936, Gold III, Division III,612, Matches Played: 0, Platinum II, Division IV,758, Matches Played: 117, Gold III, Division IV,641, Matches Played: 0,,,,
filete_filete,Epic,2026-02-16,20:47,,,,,,, Rating 936, Gold III, Division III,612, Matches Played: 0,Platinum II,Division III,,Matches Played: 118, Gold III, Division IV,641, Matches Played: 0,0,1,0,0
filete_filete,Epic, 2026-02-16, 21:04:52.150391,"3,442 Wins","2,168 MVPs","10,170 Goals","2,254 Assists","8,171 Saves","18,197 Shots", Rating 936, Gold III, Division III,612, Matches Played: 0, Platinum II, Division III,739, Matches Played: 119, Gold III, Division IV,641, Matches Played: 0,2,3,0,0
filete_filete,Epic, 2026-02-16, 21:15:50.939236,"3,442 Wins","2,168 MVPs","10,172 Goals","2,256 Assists","8,174 Saves","18,202 Shots", Rating 936, Gold III, Division III,612, Matches Played: 0, Platinum II, Division II,730, Matches Played: 120, Gold III, Division IV,641, Matches Played: 0,4,5,0,0
filete_filete,Epic, 2026-02-16, 21:25:06.945408,"3,442 Wins","2,168 MVPs","10,172 Goals","2,257 Assists","8,176 Saves","18,202 Shots", Rating 936, Gold III, Division III,612, Matches Played: 0, Platinum II, Division II,720, Matches Played: 121, Gold III, Division IV,641, Matches Played: 0,4,1,0,0
filete_filete,Epic, 2026-02-16, 21:34:07.599963,"3,442 Wins","2,168 MVPs","10,173 Goals","2,257 Assists","8,179 Saves","18,205 Shots", Rating 936, Gold III, Division III,612, Matches Played: 0, Platinum II, Division I,710, Matches Played: 122, Gold III, Division IV,641, Matches Played: 0,1,3,0,0
filete_filete,Epic,2026-02-21,10:44,,,,,,, Rating 947, Gold III, Division III,612, Matches Played: 0, Platinum II, Division I,,Matches Played: 122, Gold III, Division IV,641, Matches Played: 0,6,4,0,0
filete_filete,Epic,2026-02-21,10:54,,,,,,, Rating 947, Gold III, Division III,612, Matches Played: 0,Platinum II,Division II,,Matches Played: 123, Gold III, Division IV,641, Matches Played: 0,3,2,0,0
filete_filete, Epic,2026-02-21,11:05,,,,,,, Rating 947, Gold III, Division III,612, Matches Played: 0,Platinum II,Division I,,Matches Played: 124, Gold III, Division IV,641, Matches Played: 0,3,4,1,0
filete_filete, Epic,2026-02-21,11:13,,,,,,, Rating 947, Gold III, Division III,612, Matches Played: 0,Platinum II,Division I,,Matches Played: 125, Gold III, Division IV,641, Matches Played: 0,2,3,0,0
filete_filete, Epic,2026-02-21,11:23,,,,,,, Rating 947, Gold III, Division III,612, Matches Played: 0,Platinum II,Division I,,Matches Played: 126, Gold III, Division IV,641, Matches Played: 0,5,3,0,0
filete_filete, Epic,2026-02-21,11:30,"3,446 Wins","2,171 MVPs","10,182 Goals","2,260 Assists","8,189 Saves","18,224 Shots", Rating 947, Gold III, Division III,612, Matches Played: 0, Platinum II, Division II,721, Matches Played: 127, Gold III, Division IV,641, Matches Played: 0,3,1,0,0
filete_filete, Epic, 2026-03-02, 15:48:37.482456,"3,447 Wins","2,172 MVPs","10,185 Goals","2,260 Assists","8,189 Saves","18,231 Shots", Rating 958, Gold III, Division III,612, Matches Played: 0, Platinum II, Division II,721, Matches Played: 127, Gold III, Division IV,641, Matches Played: 0,4,3,0,0
filete_filete, Epic, 2026-03-02, 15:55:45.816485,"3,448 Wins","2,172 MVPs","10,187 Goals","2,261 Assists","8,189 Saves","18,235 Shots", Rating 958, Gold III, Division III,612, Matches Played: 0, Platinum II, Division II,730, Matches Played: 128, Gold III, Division IV,641, Matches Played: 0,5,1,0,1
filete_filete, Epic, 2026-03-02, 16:02:53.932757,"3,449 Wins","2,173 MVPs","10,189 Goals","2,265 Assists","8,191 Saves","18,240 Shots", Rating 958, Gold III, Division III,612, Matches Played: 0, Platinum II, Division III,740, Matches Played: 129, Gold III, Division IV,641, Matches Played: 0,7,2,0,0
filete_filete, Epic, 2026-03-02, 16:10:02.501736,"3,449 Wins","2,173 MVPs","10,189 Goals","2,265 Assists","8,193 Saves","18,243 Shots", Rating 958, Gold III, Division III,612, Matches Played: 0, Platinum II, Division II,730, Matches Played: 130, Gold III, Division IV,641, Matches Played: 0,0,4,0,0
filete_filete, Epic, 2026-03-02, 16:17:16.682832,"3,450 Wins","2,174 MVPs","10,191 Goals","2,266 Assists","8,194 Saves","18,248 Shots", Rating 958, Gold III, Division III,612, Matches Played: 0, Platinum II, Division III,739, Matches Played: 131, Gold III, Division IV,641, Matches Played: 0,3,2,1,0
filete_filete, Epic, 2026-03-02, 16:24:24.552063,"3,451 Wins","2,174 MVPs","10,192 Goals","2,266 Assists","8,196 Saves","18,250 Shots", Rating 958, Gold III, Division III,612, Matches Played: 0, Platinum II, Division III,748, Matches Played: 132, Gold III, Division IV,641, Matches Played: 0,2,0,0,0
filete_filete, Epic, 2026-03-02, 16:31:33.009991,"3,451 Wins","2,174 MVPs","10,193 Goals","2,266 Assists","8,196 Saves","18,251 Shots", Rating 958, Gold III, Division III,612, Matches Played: 0, Platinum II, Division III,739, Matches Played: 133, Gold III, Division IV,641, Matches Played: 0,1,2,0,0
filete_filete, Epic, 2026-03-02, 16:38:40.954086,"3,452 Wins","2,175 MVPs","10,197 Goals","2,267 Assists","8,198 Saves","18,258 Shots", Rating 958, Gold III, Division III,612, Matches Played: 0, Platinum II, Division III,748, Matches Played: 134, Gold III, Division IV,641, Matches Played: 0,5,4,0,0
filete_filete,Epic,2026-03-05,11:58:28.148667,"3,454 Wins","2,175 MVPs","10,198 Goals","2,267 Assists","8,199 Saves","18,260 Shots",Rating 968,Gold III,Division III,612,Matches Played: 0,Platinum II,Division III,748,Matches Played: 134,Platinum I,Division I,657,Matches Played: 1,5,0,0,0
filete_filete,Epic,2026-03-05,12:06:30.691469,"3,454 Wins","2,175 MVPs","10,200 Goals","2,268 Assists","8,203 Saves","18,263 Shots",Rating 968,Gold III,Division III,612,Matches Played: 0,Platinum II,Division III,748,Matches Played: 134,Platinum I,Division I,641,Matches Played: 2,3,4,1,0
filete_filete,Epic,2026-03-05,12:14:33.242699,"3,454 Wins","2,175 MVPs","10,200 Goals","2,268 Assists","8,204 Saves","18,265 Shots",Rating 968,Gold III,Division III,612,Matches Played: 0,Platinum II,Division III,748,Matches Played: 134,Gold III,Division III,625,Matches Played: 3,0,2,0,0
filete_filete,Epic,2026-03-05,12:22:36.059698,"3,455 Wins","2,175 MVPs","10,201 Goals","2,268 Assists","8,206 Saves","18,269 Shots",Rating 968,Gold III,Division III,612,Matches Played: 0,Platinum II,Division III,748,Matches Played: 134,Gold III,Division IV,641,Matches Played: 4,3,2,1,0
filete_filete,Epic,2026-03-05,12:30:38.673236,"3,455 Wins","2,175 MVPs","10,202 Goals","2,269 Assists","8,207 Saves","18,271 Shots",Rating 968,Gold III,Division III,612,Matches Played: 0,Platinum II,Division III,748,Matches Played: 134,Gold III,Division III,625,Matches Played: 5,2,3,0,0
filete_filete,Epic,2026-03-11,18:43:59.751946,"3,455 Wins","2,175 MVPs","10,202 Goals","2,269 Assists","8,207 Saves","18,271 Shots",Rating 949,Gold III,Division III,611,Matches Played: 0,Platinum II,Division II,737,Matches Played: 0,Gold III,Division III,623,Matches Played: 0,,,0,0
filete_filete,Epic,2026-03-11,18:52:07.408568,"3,456 Wins","2,176 MVPs","10,205 Goals","2,269 Assists","8,207 Saves","18,273 Shots",Rating 966,Gold III,Division III,611,Matches Played: 0,Platinum II,Division II,737,Matches Played: 0,Gold III,Division III,623,Matches Played: 0,4,0,0,1
filete_filete,Epic,2026-03-11,19:00:09.969361,"3,456 Wins","2,176 MVPs","10,206 Goals","2,271 Assists","8,208 Saves","18,275 Shots",Rating 966,Gold III,Division III,611,Matches Played: 0,Platinum II,Division II,720,Matches Played: 1,Gold III,Division III,623,Matches Played: 0,3,5,0,0
filete_filete,Epic,2026-03-11,19:08:16.931791,"3,457 Wins","2,177 MVPs","10,207 Goals","2,271 Assists","8,212 Saves","18,279 Shots",Rating 966,Gold III,Division III,611,Matches Played: 0,Platinum II,Division II,737,Matches Played: 2,Gold III,Division III,623,Matches Played: 0,2,1,0,0
filete_filete,Epic,2026-03-11,19:24:22.412510,"3,458 Wins","2,178 MVPs","10,210 Goals","2,271 Assists","8,214 Saves","18,285 Shots",Rating 966,Gold III,Division III,611,Matches Played: 0,Platinum II,Division III,752,Matches Played: 3,Gold III,Division III,623,Matches Played: 0,4,3,1,0
filete_filete,Epic,2026-03-11,19:32:25.137203,"3,459 Wins","2,179 MVPs","10,211 Goals","2,272 Assists","8,218 Saves","18,286 Shots",Rating 966,Gold III,Division III,611,Matches Played: 0,Platinum II,Division IV,769,Matches Played: 4,Gold III,Division III,623,Matches Played: 0,3,2,0,0
filete_filete,Epic,2026-03-11,19:40:28.061608,"3,460 Wins","2,180 MVPs","10,212 Goals","2,273 Assists","8,222 Saves","18,289 Shots",Rating 966,Gold III,Division III,611,Matches Played: 0,Platinum III,Division II,784,Matches Played: 5,Gold III,Division III,623,Matches Played: 0,3,1,0,0
,,,,,,,,,,,,,,,,,,,,,,,,,,
,,,,,,,,,,,,,,,,,,,,,,,,,,
,,,,,,,,,,,,,,,,,,,,,,,,,,
,,,,,,,,,,,,,,,,,,,,,,,,,,
,,,,,,,,,,,,,,,,,,,,,,,,,,
,,,,,,,,,,,,,,,,,,,,,,,,,,
,,,,,,,,,,,,,,,,,,,,,,,,,,
,,,,,,,,,,,,,,,,,,,,,,,,,,
,,,,,,,,,,,,,,,,,,,,,,,,,,
,,,,,,,,,,,,,,,,,,,,,,,,,,
,,,,,,,,,,,,,,,,,,,,,,,,,,
,,,,,,,,,,,,,,,,,,,,,,,,,,
,,,,,,,,,,,,,,,,,,,,,,,,,,
,,,,,,,,,,,,,,,,,,,,,,,,,,
,,,,,,,,,,,,,,,,,,,,,,,,,,
